RL,Jugador,País,Posc,Equipo,Comp,Edad,Nacimiento,90 s,GC,PD,TL,TE,GC.1,PSxG,PSxG/SoT,PSxG+/-,/90,Cmp,Int.,% Cmp,Int..1,TI,%deLanzamientos,Long. prom.,Int..2,%deLanzamientos.1,Long. prom..1,Opp,Stp,% de Stp,Núm. de OPA,Núm. de OPA/90,DistProm.
1,Antonio Adán,es ESP,PO,Betis,es La Liga,30,1987,30.0,53.0,3.0,0.0,5.0,4.0,41.8,0.29,-7.2,-0.24,176.0,490.0,35.9,1002.0,130.0,33.8,32.8,253.0,59.7,44.4,468.0,17.0,3.6,22.0,0.73,14.6
2,René Adler,de GER,PO,Mainz 05,de Bundesliga,32,1985,14.0,18.0,1.0,0.0,5.0,0.0,14.0,0.25,-4.0,-0.29,78.0,216.0,36.1,322.0,55.0,39.1,36.3,117.0,76.9,54.9,209.0,19.0,9.1,22.0,1.57,15.4
3,Adrián,es ESP,PO,West Ham,eng Premier League,30,1987,19.0,29.0,1.0,1.0,6.0,1.0,27.8,0.29,-0.2,-0.01,154.0,445.0,34.6,383.0,47.0,72.8,47.7,184.0,90.2,59.3,316.0,13.0,4.1,31.0,1.63,16.0
4,Alisson,br BRA,PO,Roma,it Serie A,24,1992,37.0,28.0,3.0,0.0,2.0,0.0,35.4,0.23,7.4,0.2,213.0,416.0,51.2,1069.0,239.0,28.9,32.1,252.0,42.5,41.0,469.0,17.0,3.6,90.0,2.43,18.9
5,Sergio Álvarez,es ESP,PO,Celta Vigo,es La Liga,30,1986,16.4,29.0,1.0,0.0,4.0,1.0,23.3,0.31,-4.7,-0.29,110.0,285.0,38.6,494.0,48.0,40.5,36.3,129.0,65.9,50.6,214.0,8.0,3.7,18.0,1.1,14.1
6,Ibrahim Amadou,fr FRA,"CC,DF",Lille,fr Ligue 1,24,1993,26.7,2.0,1.0,0.0,0.0,0.0,1.5,0.2,-0.5,-0.02,0.0,0.0,,0.0,0.0,,,0.0,,,1.0,0.0,0.0,0.0,0.0,
7,Jon Ander Serantes,es ESP,PO,Leganés,es La Liga,27,1989,1.0,2.0,0.0,0.0,0.0,0.0,2.7,0.34,0.7,0.71,8.0,26.0,30.8,25.0,1.0,72.0,54.5,8.0,100.0,71.5,9.0,1.0,11.1,0.0,0.0,8.0
8,Nícolas Andrade,br BRA,PO,Hellas Verona,it Serie A,29,1988,36.0,71.0,6.0,4.0,9.0,2.0,64.5,0.25,-4.5,-0.13,363.0,878.0,41.3,1038.0,247.0,53.4,41.1,399.0,81.2,55.0,728.0,49.0,6.7,32.0,0.89,12.7
9,Miguel Ángel Moyá,es ESP,PO,Real Sociedad,es La Liga,33,1984,8.5,8.0,2.0,0.0,1.0,0.0,9.0,0.19,1.0,0.12,76.0,147.0,51.7,291.0,24.0,36.4,35.1,70.0,58.6,41.4,127.0,9.0,7.1,15.0,1.77,14.8
10,Alphonse Areola,fr FRA,PO,Paris S-G,fr Ligue 1,24,1993,34.0,25.0,1.0,2.0,5.0,1.0,26.2,0.24,2.2,0.07,52.0,102.0,51.0,659.0,167.0,9.7,22.8,240.0,15.8,29.3,404.0,22.0,5.4,50.0,1.47,16.1
11,Kepa Arrizabalaga,es ESP,PO,Athletic Club,es La Liga,22,1994,30.0,43.0,1.0,3.0,5.0,3.0,43.4,0.3,3.4,0.11,318.0,644.0,49.4,843.0,112.0,56.5,42.2,206.0,81.6,58.1,395.0,23.0,5.8,22.0,0.73,13.4
12,Sergio Asenjo,es ESP,PO,Villarreal,es La Liga,28,1989,23.0,30.0,3.0,1.0,2.0,0.0,32.0,0.29,2.0,0.09,124.0,346.0,35.8,454.0,118.0,43.8,37.4,200.0,73.5,52.8,399.0,26.0,6.5,26.0,1.13,12.8
13,Mariano Barbosa,ar ARG,PO,Villarreal,es La Liga,33,1984,12.5,14.0,1.0,0.0,2.0,0.0,13.8,0.28,-0.2,-0.01,46.0,152.0,30.3,230.0,57.0,30.4,32.4,105.0,78.1,54.1,243.0,5.0,2.1,5.0,0.4,10.0
14,Oliver Baumann,de GER,PO,Hoffenheim,de Bundesliga,27,1990,34.0,48.0,3.0,1.0,9.0,2.0,42.6,0.27,-3.4,-0.1,223.0,590.0,37.8,1181.0,179.0,36.2,33.4,261.0,62.5,47.9,480.0,37.0,7.7,28.0,0.82,12.5
15,Asmir Begović,ba BIH,PO,Bournemouth,eng Premier League,30,1987,38.0,61.0,2.0,2.0,7.0,1.0,54.8,0.31,-5.2,-0.14,223.0,647.0,34.5,832.0,215.0,45.7,38.9,328.0,81.4,55.5,611.0,35.0,5.7,18.0,0.47,10.2
16,Vid Belec,si SVN,PO,Benevento,it Serie A,27,1990,12.4,27.0,3.0,1.0,1.0,2.0,28.9,0.36,3.9,0.32,54.0,171.0,31.6,264.0,70.0,42.0,37.4,108.0,55.6,43.4,209.0,13.0,6.2,9.0,0.73,11.4
17,Vid Belec,si SVN,PO,Sampdoria,it Serie A,27,1990,2.0,5.0,1.0,0.0,1.0,0.0,4.4,0.23,-0.6,-0.28,7.0,23.0,30.4,70.0,10.0,27.1,26.5,16.0,25.0,32.8,35.0,0.0,0.0,4.0,2.0,20.5
18,Diego Benaglio,ch SUI,PO,Monaco,fr Ligue 1,33,1983,2.5,0.0,0.0,0.0,0.0,0.0,1.9,0.31,1.9,0.75,12.0,28.0,42.9,42.0,12.0,40.5,32.3,23.0,47.8,41.7,37.0,1.0,2.7,1.0,0.4,16.2
19,Walter Benítez,ar ARG,PO,Nice,fr Ligue 1,24,1993,28.0,36.0,3.0,1.0,0.0,2.0,37.1,0.29,3.1,0.11,102.0,262.0,38.9,542.0,161.0,24.9,29.2,232.0,54.7,43.9,445.0,13.0,2.9,4.0,0.14,11.1
20,Etrit Berisha,al ALB,PO,Atalanta,it Serie A,28,1989,31.0,34.0,1.0,2.0,2.0,0.0,33.3,0.32,-0.7,-0.02,183.0,412.0,44.4,609.0,169.0,36.5,34.5,233.0,81.5,54.0,396.0,18.0,4.5,25.0,0.81,14.1
21,Quentin Beunardeau,fr FRA,PO,Metz,fr Ligue 1,23,1994,0.4,2.0,0.0,0.0,0.0,0.0,1.6,0.4,-0.4,-0.9,8.0,17.0,47.1,16.0,2.0,87.5,45.0,4.0,75.0,59.0,8.0,0.0,0.0,1.0,2.31,21.0
22,Albano Bizzarri,ar ARG,PO,Udinese,it Serie A,39,1977,32.0,52.0,2.0,1.0,9.0,4.0,44.6,0.29,-3.4,-0.11,253.0,576.0,43.9,791.0,141.0,45.5,38.0,300.0,72.0,48.8,525.0,25.0,4.8,30.0,0.94,13.1
23,Rubén Blanco,es ESP,PO,Celta Vigo,es La Liga,22,1995,21.6,31.0,3.0,0.0,4.0,0.0,26.2,0.28,-4.8,-0.22,137.0,415.0,33.0,660.0,76.0,45.6,38.8,151.0,75.5,55.2,325.0,6.0,1.8,20.0,0.93,13.8
24,Landry Bonnefoi,fr FRA,PO,Strasbourg,fr Ligue 1,33,1983,3.0,6.0,0.0,0.0,1.0,0.0,4.8,0.28,-1.2,-0.39,17.0,42.0,40.5,45.0,12.0,51.1,38.9,28.0,67.9,46.5,53.0,1.0,1.9,0.0,0.0,8.8
25,Jean-Christophe Bouet,fr FRA,PO,Amiens,fr Ligue 1,34,1983,1.0,1.0,0.0,0.0,0.0,0.0,1.3,0.19,0.3,0.3,7.0,21.0,33.3,17.0,4.0,52.9,40.4,13.0,92.3,55.4,19.0,0.0,0.0,0.0,0.0,5.0
26,Yassine Bounou,ma MAR,PO,Girona,es La Liga,26,1991,29.5,46.0,4.0,2.0,2.0,1.0,44.5,0.3,-0.5,-0.02,226.0,635.0,35.6,633.0,86.0,65.9,46.0,243.0,89.7,60.8,411.0,9.0,2.2,29.0,0.98,14.4
27,Claudio Bravo,cl CHI,PO,Manchester City,eng Premier League,34,1983,2.5,1.0,0.0,0.0,0.0,0.0,1.6,0.31,0.6,0.22,4.0,9.0,44.4,61.0,16.0,6.6,25.3,10.0,50.0,39.5,21.0,2.0,9.5,3.0,1.19,15.4
28,Alberto Brignoli,it ITA,PO,Benevento,it Serie A,25,1991,12.5,31.0,2.0,0.0,6.0,0.0,26.0,0.35,-5.0,-0.4,87.0,263.0,33.1,384.0,63.0,47.7,39.4,116.0,69.0,51.1,204.0,20.0,9.8,27.0,2.16,16.3
29,Gianluigi Buffon,it ITA,PO,Juventus,it Serie A,39,1978,20.7,14.0,3.0,0.0,2.0,2.0,17.5,0.25,5.5,0.26,84.0,191.0,44.0,474.0,97.0,28.1,31.9,150.0,38.7,36.8,242.0,3.0,1.2,19.0,0.92,14.0
30,Roman Bürki,ch SUI,PO,Dortmund,de Bundesliga,26,1990,33.0,43.0,3.0,2.0,3.0,0.0,45.5,0.3,2.5,0.08,163.0,481.0,33.9,1050.0,185.0,31.7,32.4,237.0,62.4,49.7,404.0,40.0,9.9,38.0,1.15,14.0
31,Ludovic Butelle,fr FRA,PO,Angers,fr Ligue 1,34,1983,18.4,22.0,3.0,1.0,1.0,2.0,19.6,0.25,-0.4,-0.02,89.0,314.0,28.3,390.0,84.0,48.2,38.6,145.0,86.9,54.7,255.0,22.0,8.6,25.0,1.36,16.2
32,Jack Butland,eng ENG,PO,Stoke City,eng Premier League,24,1993,35.0,61.0,5.0,0.0,8.0,2.0,61.7,0.29,2.7,0.08,377.0,969.0,38.9,934.0,103.0,71.1,48.4,338.0,90.2,62.4,609.0,25.0,4.1,39.0,1.11,13.7
33,Willy Caballero,ar ARG,PO,Chelsea,eng Premier League,35,1981,3.0,4.0,0.0,0.0,0.0,0.0,3.5,0.36,-0.5,-0.18,16.0,38.0,42.1,85.0,12.0,31.8,29.2,15.0,73.3,51.7,33.0,1.0,3.0,5.0,1.67,17.7
34,Yoan Cardinale,fr FRA,PO,Nice,fr Ligue 1,23,1994,10.0,16.0,0.0,1.0,1.0,1.0,13.2,0.33,-1.8,-0.18,39.0,79.0,49.4,192.0,36.0,16.7,26.3,91.0,51.6,43.4,117.0,5.0,4.3,5.0,0.5,12.0
35,Kiko Casilla,es ESP,PO,Real Madrid,es La Liga,30,1986,10.0,11.0,0.0,0.0,1.0,1.0,10.5,0.37,0.5,0.05,31.0,76.0,40.8,195.0,48.0,22.1,31.0,72.0,45.8,41.3,118.0,4.0,3.4,5.0,0.5,13.3
36,Koen Casteels,be BEL,PO,Wolfsburg,de Bundesliga,25,1992,34.0,48.0,6.0,1.0,4.0,2.0,50.4,0.28,4.4,0.13,248.0,654.0,37.9,1043.0,210.0,44.2,38.0,288.0,67.0,52.0,522.0,57.0,10.9,30.0,0.88,12.1
37,Petr Čech,cz CZE,PO,Arsenal,eng Premier League,35,1982,33.8,48.0,5.0,0.0,6.0,0.0,45.9,0.3,-2.1,-0.06,149.0,414.0,36.0,809.0,223.0,34.4,34.4,225.0,60.4,47.2,426.0,33.0,7.7,52.0,1.54,14.4
38,Nereo Champagne,ar ARG,PO,Leganés,es La Liga,32,1985,2.0,6.0,1.0,1.0,0.0,0.0,4.7,0.47,-1.3,-0.65,19.0,43.0,44.2,38.0,4.0,65.8,46.3,19.0,94.7,58.3,21.0,1.0,4.8,2.0,1.0,16.0
39,Leandro Chichizola,ar ARG,PO,Las Palmas,es La Liga,27,1990,27.0,47.0,3.0,1.0,4.0,1.0,50.8,0.33,4.8,0.18,156.0,443.0,35.2,907.0,175.0,35.2,34.1,230.0,53.9,47.1,376.0,23.0,6.1,57.0,2.11,17.0
40,Jasper Cillessen,nl NED,PO,Barcelona,es La Liga,28,1989,1.0,1.0,0.0,0.0,0.0,0.0,0.7,0.1,-0.3,-0.32,1.0,6.0,16.7,21.0,5.0,23.8,27.9,10.0,10.0,30.4,7.0,0.0,0.0,0.0,0.0,7.7
41,Andrea Consigli,it ITA,PO,Sassuolo,it Serie A,30,1987,36.8,58.0,2.0,3.0,7.0,1.0,50.5,0.29,-6.5,-0.18,277.0,599.0,46.2,813.0,182.0,47.4,39.3,296.0,72.3,49.0,606.0,22.0,3.6,23.0,0.62,11.9
42,Alex Cordaz,it ITA,PO,Crotone,it Serie A,34,1983,38.0,66.0,6.0,3.0,13.0,0.0,63.7,0.29,-2.3,-0.06,312.0,916.0,34.1,824.0,98.0,71.5,47.8,355.0,92.1,58.6,691.0,8.0,1.2,32.0,0.84,13.8
43,Angelo da Costa Júnior,br BRA,PO,Bologna,it Serie A,33,1983,4.0,5.0,1.0,0.0,1.0,0.0,5.0,0.24,0.0,-0.01,32.0,76.0,42.1,123.0,30.0,36.6,34.0,42.0,73.8,51.2,58.0,1.0,1.7,5.0,1.25,17.3
44,Benoît Costil,fr FRA,PO,Bordeaux,fr Ligue 1,30,1987,36.0,45.0,4.0,4.0,5.0,1.0,38.7,0.25,-5.3,-0.15,236.0,629.0,37.5,875.0,150.0,45.3,38.9,295.0,79.0,54.9,475.0,30.0,6.3,34.0,0.94,14.5
45,Thibaut Courtois,be BEL,PO,Chelsea,eng Premier League,25,1992,35.0,34.0,2.0,0.0,2.0,2.0,31.6,0.29,-0.4,-0.01,153.0,430.0,35.6,949.0,214.0,32.0,33.8,248.0,50.8,45.3,446.0,26.0,5.8,24.0,0.69,13.2
46,Alessio Cragno,it ITA,PO,Cagliari,it Serie A,23,1994,28.2,47.0,6.0,4.0,1.0,1.0,43.7,0.28,-2.3,-0.08,219.0,484.0,45.2,548.0,127.0,48.5,38.6,255.0,85.5,56.9,454.0,26.0,5.7,15.0,0.53,10.6
47,Luca Crosta,it ITA,PO,Cagliari,it Serie A,19,1998,1.0,3.0,1.0,0.0,0.0,0.0,2.5,0.49,-0.5,-0.53,2.0,10.0,20.0,12.0,3.0,25.0,30.8,10.0,70.0,48.3,18.0,0.0,0.0,0.0,0.0,8.8
48,Iván Cuéllar,es ESP,PO,Leganés,es La Liga,33,1984,35.0,43.0,5.0,3.0,4.0,0.0,44.4,0.28,1.4,0.04,311.0,894.0,34.8,859.0,89.0,75.2,49.4,258.0,96.1,63.8,481.0,29.0,6.0,47.0,1.34,15.7
49,Karl Darlow,eng ENG,PO,Newcastle Utd,eng Premier League,26,1990,10.0,15.0,3.0,0.0,0.0,2.0,15.8,0.28,2.8,0.28,78.0,232.0,33.6,247.0,37.0,62.3,43.2,87.0,89.7,57.9,159.0,11.0,6.9,4.0,0.4,11.7
50,Abdoulaye Diallo,sn SEN,PO,Rennes,fr Ligue 1,25,1992,3.0,5.0,1.0,1.0,0.0,0.0,5.8,0.33,0.8,0.28,18.0,38.0,47.4,58.0,13.0,36.2,31.1,20.0,85.0,55.7,29.0,3.0,10.3,4.0,1.33,14.5
51,Thomas Didillon,fr FRA,PO,Metz,fr Ligue 1,21,1995,9.0,14.0,3.0,0.0,0.0,1.0,13.6,0.31,0.6,0.07,73.0,165.0,44.2,194.0,46.0,49.0,40.4,79.0,88.6,56.6,145.0,12.0,8.3,10.0,1.11,14.0
52,Marko Dmitrović,rs SRB,PO,Eibar,es La Liga,25,1992,36.0,49.0,4.0,2.0,2.0,3.0,44.7,0.34,-1.3,-0.04,334.0,888.0,37.6,942.0,93.0,72.4,51.4,216.0,95.4,70.1,339.0,21.0,6.2,97.0,2.69,19.0
53,Jaume Doménech,es ESP,PO,Valencia,es La Liga,26,1990,5.0,5.0,0.0,0.0,1.0,0.0,6.9,0.34,1.9,0.39,18.0,48.0,37.5,106.0,31.0,25.5,29.2,34.0,61.8,48.8,81.0,2.0,2.5,3.0,0.6,11.9
54,Gianluigi Donnarumma,it ITA,PO,Milan,it Serie A,18,1999,38.0,42.0,2.0,0.0,4.0,1.0,38.9,0.28,-2.1,-0.05,174.0,392.0,44.4,968.0,150.0,28.0,29.7,267.0,45.3,37.8,487.0,16.0,3.3,39.0,1.03,14.1
55,Bartłomiej Drągowski,pl POL,PO,Fiorentina,it Serie A,19,1997,2.4,8.0,0.0,1.0,1.0,0.0,5.6,0.34,-2.4,-1.01,10.0,30.0,33.3,41.0,6.0,56.1,42.7,10.0,70.0,49.3,31.0,1.0,3.2,1.0,0.41,11.0
56,Martin Dúbravka,sk SVK,PO,Newcastle Utd,eng Premier League,28,1989,12.0,11.0,0.0,0.0,0.0,0.0,14.2,0.36,3.2,0.26,61.0,198.0,30.8,255.0,32.0,48.2,38.5,93.0,80.6,56.0,184.0,13.0,7.1,13.0,1.08,12.9
57,Maxime Dupé,fr FRA,PO,Nantes,fr Ligue 1,24,1993,1.0,3.0,1.0,0.0,0.0,0.0,2.1,0.22,-0.9,-0.91,7.0,17.0,41.2,14.0,4.0,64.3,44.7,8.0,100.0,63.9,20.0,3.0,15.0,3.0,3.0,13.7
58,Ederson,br BRA,PO,Manchester City,eng Premier League,23,1993,35.5,26.0,0.0,1.0,1.0,2.0,23.9,0.28,-0.1,0.0,110.0,230.0,47.8,935.0,167.0,15.5,26.2,160.0,53.1,46.1,265.0,19.0,7.2,87.0,2.45,18.8
59,Rob Elliot,ie IRL,PO,Newcastle Utd,eng Premier League,31,1986,16.0,21.0,1.0,0.0,3.0,1.0,18.8,0.27,-1.2,-0.07,154.0,371.0,41.5,378.0,46.0,63.5,44.1,159.0,82.4,55.8,258.0,15.0,5.8,15.0,0.94,13.2
60,Michael Esser,de GER,PO,Hannover 96,de Bundesliga,29,1987,3.0,9.0,0.0,0.0,0.0,0.0,6.8,0.34,-2.2,-0.73,23.0,51.0,45.1,97.0,20.0,41.2,35.0,25.0,44.0,39.5,55.0,8.0,14.5,3.0,1.0,12.6
61,Łukasz Fabiański,pl POL,PO,Swansea City,eng Premier League,32,1985,38.0,56.0,3.0,1.0,5.0,2.0,59.5,0.28,5.5,0.14,315.0,812.0,38.8,914.0,159.0,54.5,42.2,358.0,87.7,59.9,615.0,42.0,6.8,22.0,0.58,11.4
62,Ralf Fährmann,de GER,PO,Schalke 04,de Bundesliga,28,1988,33.5,37.0,3.0,1.0,3.0,1.0,35.3,0.25,-0.7,-0.02,190.0,476.0,39.9,714.0,126.0,45.7,38.3,236.0,63.6,47.4,456.0,53.0,11.6,18.0,0.54,10.9
63,Andrés Fernández,es ESP,PO,Villarreal,es La Liga,30,1986,2.5,6.0,1.0,0.0,2.0,0.0,5.0,0.26,-1.0,-0.42,10.0,34.0,29.4,42.0,9.0,38.1,32.0,27.0,66.7,48.2,45.0,0.0,0.0,5.0,2.0,16.1
64,Raúl Fernández,es ESP,PO,Levante,es La Liga,29,1988,11.0,15.0,0.0,1.0,3.0,0.0,16.3,0.31,1.3,0.11,108.0,248.0,43.5,228.0,33.0,69.3,47.8,95.0,94.7,62.8,185.0,8.0,4.3,17.0,1.55,17.8
65,Fraser Forster,eng ENG,PO,Southampton,eng Premier League,29,1988,20.0,30.0,0.0,1.0,2.0,0.0,25.8,0.26,-4.2,-0.21,101.0,343.0,29.4,360.0,62.0,59.7,43.4,146.0,87.7,59.1,258.0,10.0,3.9,14.0,0.7,14.1
66,Ben Foster,eng ENG,PO,West Brom,eng Premier League,34,1983,37.0,55.0,1.0,2.0,7.0,2.0,45.7,0.3,-7.3,-0.2,346.0,904.0,38.3,811.0,70.0,71.6,48.5,338.0,95.6,65.7,592.0,37.0,6.3,27.0,0.73,12.8
67,Paulo Gazzaniga,ar ARG,PO,Tottenham,eng Premier League,25,1992,1.0,0.0,0.0,0.0,0.0,0.0,0.7,0.25,0.7,0.74,3.0,7.0,42.9,17.0,3.0,29.4,32.9,8.0,25.0,30.9,10.0,2.0,20.0,1.0,1.0,12.3
68,David de Gea,es ESP,PO,Manchester Utd,eng Premier League,26,1990,37.0,28.0,1.0,1.0,5.0,2.0,38.5,0.28,12.5,0.34,232.0,613.0,37.8,799.0,147.0,48.6,39.6,290.0,77.6,55.8,483.0,16.0,3.3,21.0,0.57,12.8
69,Rafał Gikiewicz,pl POL,PO,Freiburg,de Bundesliga,29,1987,1.7,3.0,0.0,0.0,0.0,0.0,1.5,0.21,-1.5,-0.89,28.0,57.0,49.1,52.0,7.0,67.3,48.9,23.0,95.7,66.2,41.0,2.0,4.9,1.0,0.58,14.5
70,Dani Giménez,es ESP,PO,Betis,es La Liga,34,1983,3.4,0.0,0.0,0.0,0.0,0.0,1.5,0.19,1.5,0.44,8.0,40.0,20.0,94.0,10.0,34.0,34.5,20.0,40.0,36.4,62.0,3.0,4.8,2.0,0.58,10.4
71,Pierluigi Gollini,it ITA,PO,Atalanta,it Serie A,22,1995,6.9,4.0,0.0,0.0,1.0,0.0,5.6,0.34,1.6,0.24,22.0,51.0,43.1,145.0,24.0,17.2,29.9,50.0,52.0,44.9,90.0,2.0,2.2,5.0,0.72,15.7
72,Heurelho Gomes,br BRA,PO,Watford,eng Premier League,36,1981,23.6,40.0,3.0,1.0,7.0,1.0,36.0,0.34,-3.0,-0.13,199.0,483.0,41.2,566.0,115.0,60.4,42.3,179.0,78.8,56.5,342.0,15.0,4.4,18.0,0.76,12.2
73,Alfred Gomis,sn SEN,PO,SPAL,it Serie A,23,1993,25.1,43.0,6.0,1.0,5.0,2.0,44.8,0.27,3.8,0.15,161.0,486.0,33.1,571.0,103.0,59.2,44.1,221.0,67.0,48.8,415.0,13.0,3.1,20.0,0.8,13.8
74,Mathieu Gorgelin,fr FRA,PO,Lyon,fr Ligue 1,26,1990,4.0,6.0,0.0,1.0,0.0,0.0,4.9,0.38,-1.1,-0.28,9.0,30.0,30.0,70.0,12.0,31.4,34.4,24.0,33.3,38.6,63.0,3.0,4.8,0.0,0.0,11.6
75,Lee Grant,eng ENG,PO,Stoke City,eng Premier League,34,1983,3.0,7.0,0.0,0.0,1.0,0.0,4.8,0.32,-2.2,-0.74,25.0,60.0,41.7,69.0,14.0,59.4,42.9,23.0,82.6,58.0,39.0,1.0,2.6,4.0,1.33,18.6
76,Vicente Guaita,es ESP,PO,Getafe,es La Liga,30,1987,33.0,26.0,1.0,0.0,1.0,0.0,35.8,0.31,9.8,0.3,243.0,797.0,30.5,710.0,69.0,73.5,49.2,284.0,96.8,64.1,479.0,21.0,4.4,34.0,1.03,15.0
77,Péter Gulácsi,hu HUN,PO,RB Leipzig,de Bundesliga,27,1990,33.0,52.0,5.0,0.0,8.0,0.0,47.1,0.29,-4.9,-0.15,223.0,545.0,40.9,895.0,152.0,43.8,36.0,206.0,74.3,50.6,440.0,36.0,8.2,33.0,1.0,13.9
78,Régis Gurtner,fr FRA,PO,Amiens,fr Ligue 1,30,1986,37.0,41.0,4.0,0.0,3.0,0.0,48.9,0.27,7.9,0.21,329.0,909.0,36.2,894.0,98.0,63.3,43.9,361.0,95.0,58.9,634.0,31.0,4.9,25.0,0.68,12.6
79,Ben Hamer,eng ENG,PO,Leicester City,eng Premier League,29,1987,3.1,7.0,1.0,0.0,0.0,0.0,6.4,0.43,-0.6,-0.21,18.0,47.0,38.3,66.0,15.0,47.0,39.1,20.0,80.0,56.3,39.0,0.0,0.0,4.0,1.31,14.3
80,Samir Handanović,si SVN,PO,Inter,it Serie A,33,1984,38.0,30.0,2.0,1.0,1.0,4.0,30.5,0.25,4.5,0.12,127.0,280.0,45.4,808.0,250.0,18.7,26.1,312.0,41.3,35.9,546.0,20.0,3.7,23.0,0.61,14.0
81,Joe Hart,eng ENG,PO,West Ham,eng Premier League,30,1987,19.0,39.0,4.0,0.0,4.0,0.0,32.8,0.32,-6.2,-0.33,175.0,469.0,37.3,441.0,52.0,72.1,49.1,155.0,97.4,67.0,284.0,4.0,1.4,11.0,0.58,13.0
82,Tom Heaton,eng ENG,PO,Burnley,eng Premier League,31,1986,3.4,4.0,0.0,0.0,1.0,0.0,4.8,0.41,0.8,0.23,31.0,77.0,40.3,84.0,22.0,61.9,47.2,32.0,78.1,60.7,62.0,2.0,3.2,2.0,0.59,11.2
83,Wayne Hennessey,wls WAL,PO,Crystal Palace,eng Premier League,30,1987,27.0,41.0,1.0,1.0,7.0,2.0,38.2,0.3,-0.8,-0.03,226.0,587.0,38.5,554.0,92.0,68.2,47.3,227.0,92.1,65.2,435.0,31.0,7.1,22.0,0.81,13.4
84,Iago Herrerín,es ESP,PO,Athletic Club,es La Liga,29,1988,8.0,6.0,2.0,0.0,0.0,0.0,8.5,0.19,2.5,0.32,89.0,196.0,45.4,223.0,28.0,61.9,43.6,65.0,89.2,61.1,130.0,6.0,4.6,9.0,1.13,14.2
85,Marwin Hitz,ch SUI,PO,Augsburg,de Bundesliga,29,1987,32.0,42.0,1.0,2.0,11.0,0.0,42.0,0.26,0.0,0.0,264.0,552.0,47.8,881.0,150.0,45.1,37.8,267.0,58.1,44.6,440.0,29.0,6.6,17.0,0.53,12.5
86,Timo Horn,de GER,PO,Köln,de Bundesliga,24,1993,34.0,70.0,8.0,0.0,7.0,0.0,66.5,0.29,-3.5,-0.1,302.0,746.0,40.5,787.0,84.0,62.9,44.1,299.0,83.9,57.3,592.0,25.0,4.2,31.0,0.91,13.7
87,Lukáš Hrádecký,fi FIN,PO,Eint Frankfurt,de Bundesliga,27,1989,34.0,45.0,2.0,2.0,7.0,2.0,41.3,0.3,-1.7,-0.05,271.0,662.0,40.9,1058.0,164.0,45.0,37.2,241.0,77.2,56.1,483.0,46.0,9.5,59.0,1.74,15.2
88,Gorka Iraizoz,es ESP,PO,Girona,es La Liga,36,1981,8.5,13.0,0.0,1.0,0.0,2.0,13.3,0.37,2.3,0.27,63.0,162.0,38.9,196.0,47.0,59.7,43.7,52.0,86.5,57.3,77.0,5.0,6.5,14.0,1.65,15.3
89,Eldin Jakupović,ch SUI,PO,Leicester City,eng Premier League,32,1984,2.0,6.0,0.0,0.0,0.0,1.0,4.6,0.39,-0.4,-0.18,16.0,36.0,44.4,41.0,12.0,56.1,45.4,14.0,92.9,61.8,24.0,0.0,0.0,8.0,4.0,20.1
90,Rune Jarstein,no NOR,PO,Hertha BSC,de Bundesliga,32,1984,31.0,44.0,5.0,0.0,7.0,1.0,35.8,0.22,-7.2,-0.23,286.0,761.0,37.6,882.0,101.0,61.5,44.0,249.0,88.0,57.9,483.0,37.0,7.7,15.0,0.48,11.9
91,Karl-Johan Johnsson,se SWE,PO,Guingamp,fr Ligue 1,27,1990,38.0,59.0,5.0,0.0,5.0,1.0,50.5,0.26,-7.5,-0.2,295.0,705.0,41.8,867.0,163.0,52.4,41.2,308.0,81.5,58.6,547.0,27.0,4.9,21.0,0.55,12.9
92,Bingourou Kamara,sn SEN,PO,Strasbourg,fr Ligue 1,20,1996,18.8,32.0,2.0,0.0,6.0,0.0,26.7,0.29,-5.3,-0.28,132.0,338.0,39.1,450.0,76.0,44.7,38.3,168.0,81.5,54.8,283.0,19.0,6.7,12.0,0.64,12.6
93,Loris Karius,de GER,PO,Liverpool,eng Premier League,24,1993,19.0,14.0,2.0,0.0,2.0,0.0,13.3,0.23,-0.7,-0.04,66.0,227.0,29.1,524.0,106.0,33.0,32.6,103.0,52.4,45.8,199.0,10.0,5.0,33.0,1.74,17.5
94,Orestis Karnezis,gr GRE,PO,Watford,eng Premier League,32,1985,14.4,24.0,3.0,0.0,2.0,0.0,19.8,0.31,-4.2,-0.29,121.0,321.0,37.7,323.0,31.0,76.2,48.2,81.0,92.6,58.0,182.0,10.0,5.5,9.0,0.63,13.4
95,Eiji Kawashima,jp JPN,PO,Metz,fr Ligue 1,34,1983,28.5,60.0,0.0,1.0,9.0,1.0,56.7,0.34,-2.3,-0.08,218.0,582.0,37.5,655.0,141.0,55.9,42.5,237.0,91.1,60.5,406.0,7.0,1.7,33.0,1.16,15.5
96,Hervé Koffi,bf BFA,PO,Lille,fr Ligue 1,20,1996,4.0,11.0,1.0,0.0,2.0,1.0,8.1,0.35,-1.9,-0.48,18.0,50.0,36.0,88.0,16.0,37.5,36.4,35.0,48.6,45.6,59.0,7.0,11.9,11.0,2.75,16.3
97,Tomáš Koubek,cz CZE,PO,Rennes,fr Ligue 1,24,1992,34.0,36.0,2.0,0.0,5.0,2.0,40.1,0.29,6.1,0.18,205.0,578.0,35.5,704.0,103.0,52.7,40.6,269.0,77.0,54.2,510.0,25.0,4.9,49.0,1.44,15.5
98,Maksym Koval,ua UKR,PO,La Coruña,es La Liga,24,1992,1.3,3.0,,,,,1.2,0.24,,,11.0,26.0,42.3,29.0,9.0,44.8,37.4,19.0,68.4,54.4,27.0,,,,,9.3
99,Thomas Kraft,de GER,PO,Hertha BSC,de Bundesliga,29,1988,3.0,2.0,1.0,0.0,0.0,0.0,3.5,0.18,1.5,0.51,30.0,79.0,38.0,108.0,5.0,59.3,41.5,28.0,53.6,44.2,39.0,0.0,0.0,4.0,1.33,18.2
100,Alban Lafont,fr FRA,PO,Toulouse,fr Ligue 1,18,1999,38.0,54.0,6.0,3.0,6.0,2.0,52.2,0.3,0.2,0.01,315.0,740.0,42.6,931.0,166.0,51.9,39.6,331.0,77.6,54.6,565.0,23.0,4.1,79.0,2.08,17.7
101,Eugenio Lamanna,it ITA,PO,Genoa,it Serie A,27,1989,1.0,1.0,0.0,0.0,0.0,0.0,2.1,0.7,1.1,1.09,8.0,14.0,57.1,14.0,1.0,50.0,42.3,8.0,87.5,56.6,17.0,0.0,0.0,0.0,0.0,9.0
102,Benjamin Lecomte,fr FRA,PO,Montpellier,fr Ligue 1,26,1991,38.0,33.0,5.0,1.0,4.0,0.0,37.9,0.29,4.9,0.13,249.0,556.0,44.8,880.0,219.0,44.2,37.6,268.0,62.3,45.8,494.0,51.0,10.3,24.0,0.63,12.8
103,Bernd Leno,de GER,PO,Leverkusen,de Bundesliga,25,1992,33.0,40.0,5.0,2.0,3.0,0.0,35.2,0.28,-4.8,-0.15,194.0,536.0,36.2,995.0,134.0,39.5,35.0,250.0,57.2,46.1,366.0,29.0,7.9,34.0,1.03,14.4
104,Alexandre Letellier,fr FRA,PO,Angers,fr Ligue 1,26,1990,13.0,17.0,2.0,0.0,2.0,1.0,14.3,0.29,-1.7,-0.13,90.0,202.0,44.6,232.0,60.0,48.7,39.3,102.0,87.3,59.9,187.0,4.0,2.1,5.0,0.38,12.1
105,Raúl Lizoain,es ESP,PO,Las Palmas,es La Liga,26,1991,11.0,27.0,2.0,0.0,3.0,0.0,22.9,0.33,-4.1,-0.37,42.0,116.0,36.2,288.0,64.0,22.9,28.8,94.0,53.2,42.6,157.0,7.0,4.5,9.0,0.82,13.8
106,Hugo Lloris,fr FRA,PO,Tottenham,eng Premier League,30,1986,36.0,35.0,2.0,1.0,7.0,0.0,33.7,0.27,-1.3,-0.04,154.0,386.0,39.9,938.0,169.0,29.9,33.4,227.0,46.7,41.5,428.0,17.0,4.0,75.0,2.08,15.6
107,Anthony Lopes,pt POR,PO,Lyon,fr Ligue 1,26,1990,34.0,37.0,5.0,1.0,3.0,3.0,37.6,0.23,3.6,0.1,119.0,324.0,36.7,810.0,169.0,28.0,31.6,239.0,40.6,39.0,513.0,21.0,4.1,30.0,0.88,13.9
108,Diego López,es ESP,PO,Espanyol,es La Liga,35,1981,9.5,11.0,1.0,0.0,0.0,2.0,10.7,0.24,1.7,0.18,55.0,166.0,33.1,178.0,39.0,48.3,39.3,92.0,87.0,54.2,146.0,4.0,2.7,1.0,0.11,11.3
109,Pau López,es ESP,PO,Espanyol,es La Liga,22,1994,28.5,31.0,3.0,1.0,5.0,0.0,36.5,0.27,5.5,0.19,182.0,507.0,35.9,578.0,133.0,53.3,41.6,237.0,84.0,58.4,422.0,27.0,6.4,23.0,0.81,13.1
110,Pedro López,es ESP,PO,Betis,es La Liga,22,1995,4.6,8.0,0.0,0.0,2.0,0.0,4.7,0.29,-3.3,-0.72,15.0,47.0,31.9,143.0,23.0,21.0,27.7,39.0,43.6,39.8,54.0,5.0,9.3,5.0,1.09,13.0
111,Jonas Lössl,dk DEN,PO,Huddersfield,eng Premier League,28,1989,38.0,58.0,4.0,0.0,6.0,1.0,51.7,0.3,-5.3,-0.14,360.0,891.0,40.4,1083.0,103.0,59.4,45.2,304.0,81.6,57.9,493.0,31.0,6.3,55.0,1.45,14.4
112,Andreas Luthe,de GER,PO,Augsburg,de Bundesliga,30,1987,2.0,4.0,1.0,0.0,0.0,0.0,3.5,0.35,-0.5,-0.26,10.0,26.0,38.5,65.0,12.0,32.3,32.1,14.0,35.7,35.4,31.0,5.0,16.1,1.0,0.5,6.6
113,Raïs M'Bolhi,dz ALG,PO,Rennes,fr Ligue 1,31,1986,1.0,3.0,2.0,0.0,1.0,0.0,2.3,0.05,-0.7,-0.72,3.0,14.0,21.4,20.0,2.0,55.0,44.0,4.0,75.0,57.0,9.0,0.0,0.0,0.0,0.0,12.0
114,Mike Maignan,fr FRA,PO,Lille,fr Ligue 1,22,1995,33.7,53.0,3.0,1.0,2.0,2.0,46.6,0.27,-4.4,-0.13,140.0,348.0,40.2,868.0,196.0,23.2,29.5,286.0,51.4,44.8,439.0,32.0,7.3,51.0,1.51,16.1
115,Steve Mandanda,fr FRA,PO,Marseille,fr Ligue 1,32,1985,30.0,37.0,3.0,2.0,5.0,1.0,32.8,0.26,-3.2,-0.11,133.0,363.0,36.6,702.0,127.0,37.9,34.4,186.0,52.2,41.7,331.0,25.0,7.6,14.0,0.47,11.8
116,Gabriele Marchegiani,it ITA,PO,SPAL,it Serie A,21,1996,0.0,0.0,0.0,0.0,0.0,0.0,0.0,,0.0,0.0,0.0,0.0,,0.0,0.0,,,0.0,,,0.0,0.0,,0.0,0.0,
117,Emiliano Martínez,ar ARG,PO,Getafe,es La Liga,24,1992,5.0,7.0,1.0,0.0,2.0,0.0,6.4,0.29,-0.6,-0.11,49.0,128.0,38.3,103.0,11.0,78.6,52.5,48.0,97.9,65.7,70.0,4.0,5.7,3.0,0.6,9.9
118,Christian Mathenia,de GER,PO,Hamburger SV,de Bundesliga,25,1992,24.0,38.0,3.0,0.0,4.0,1.0,36.8,0.36,-0.2,-0.01,135.0,409.0,33.0,506.0,79.0,51.4,40.6,199.0,74.9,55.8,332.0,20.0,6.0,18.0,0.75,14.8
119,Alex McCarthy,eng ENG,PO,Southampton,eng Premier League,27,1989,18.0,26.0,1.0,0.0,4.0,0.0,20.5,0.3,-5.5,-0.3,99.0,340.0,29.1,304.0,56.0,63.8,44.2,158.0,92.4,59.5,311.0,19.0,6.1,10.0,0.56,10.9
120,Brais Méndez,es ESP,"CC,DL",Celta Vigo,es La Liga,20,1997,10.5,,,,,,,,,,,,,,,,,,,,,,,,,
121,Alex Meret,it ITA,PO,SPAL,it Serie A,20,1997,12.9,16.0,3.0,0.0,2.0,2.0,19.6,0.26,5.6,0.43,93.0,247.0,37.7,264.0,30.0,54.2,40.3,131.0,79.4,50.3,211.0,3.0,1.4,0.0,0.0,10.7
122,Mathieu Michel,fr FRA,PO,Angers,fr Ligue 1,25,1991,6.6,13.0,2.0,0.0,0.0,1.0,8.9,0.26,-3.1,-0.47,41.0,109.0,37.6,128.0,32.0,49.2,38.2,59.0,78.0,53.8,96.0,5.0,5.2,1.0,0.15,9.9
123,Simon Mignolet,be BEL,PO,Liverpool,eng Premier League,29,1988,19.0,24.0,2.0,0.0,3.0,0.0,23.0,0.34,-1.0,-0.05,64.0,208.0,30.8,499.0,102.0,33.5,32.0,101.0,40.6,39.7,194.0,15.0,7.7,34.0,1.79,17.4
124,Vanja Milinković-Savić,rs SRB,PO,Torino,it Serie A,20,1997,1.0,1.0,0.0,0.0,0.0,0.0,0.5,0.26,-0.5,-0.48,5.0,21.0,23.8,40.0,6.0,35.0,36.6,8.0,87.5,62.8,16.0,1.0,6.3,1.0,1.0,12.5
125,Antonio Mirante,it ITA,PO,Bologna,it Serie A,34,1983,33.0,46.0,2.0,1.0,4.0,3.0,41.8,0.28,-1.2,-0.04,334.0,683.0,48.9,942.0,138.0,47.8,38.5,318.0,73.3,49.3,632.0,17.0,2.7,37.0,1.12,14.1
126,Jessy Moulin,fr FRA,PO,Saint-Étienne,fr Ligue 1,31,1986,3.4,6.0,1.0,1.0,1.0,0.0,7.0,0.21,1.0,0.3,33.0,89.0,37.1,94.0,13.0,52.1,42.6,44.0,90.9,58.0,68.0,5.0,7.4,1.0,0.3,9.8
127,Florian Müller,de GER,PO,Mainz 05,de Bundesliga,19,1997,5.0,7.0,0.0,0.0,2.0,0.0,6.6,0.27,-0.4,-0.08,21.0,85.0,24.7,116.0,25.0,42.2,38.0,41.0,87.8,56.6,81.0,1.0,1.2,4.0,0.8,15.3
128,Yvon Mvogo,ch SUI,PO,RB Leipzig,de Bundesliga,23,1994,1.0,1.0,0.0,0.0,0.0,0.0,1.1,0.28,0.1,0.12,11.0,18.0,61.1,35.0,6.0,40.0,32.7,7.0,57.1,47.6,11.0,0.0,0.0,2.0,2.0,15.3
129,Boaz Myhill,wls WAL,PO,West Brom,eng Premier League,34,1982,1.0,1.0,0.0,0.0,0.0,0.0,0.3,0.12,-0.7,-0.65,7.0,16.0,43.8,12.0,0.0,83.3,50.2,7.0,85.7,53.4,22.0,3.0,13.6,0.0,0.0,7.5
130,Keylor Navas,cr CRC,PO,Real Madrid,es La Liga,30,1986,27.0,31.0,2.0,0.0,6.0,1.0,33.1,0.28,3.1,0.11,74.0,199.0,37.2,537.0,130.0,20.3,30.3,163.0,55.2,46.4,309.0,12.0,3.9,31.0,1.15,16.0
131,Neto,br BRA,PO,Valencia,es La Liga,28,1989,33.0,33.0,3.0,1.0,4.0,0.0,43.7,0.28,10.7,0.33,170.0,488.0,34.8,541.0,150.0,49.7,39.7,277.0,79.1,56.6,541.0,21.0,3.9,7.0,0.21,9.6
132,Manuel Neuer,de GER,PO,Bayern Munich,de Bundesliga,31,1986,3.0,2.0,0.0,0.0,0.0,0.0,2.6,0.38,0.6,0.21,12.0,23.0,52.2,78.0,11.0,25.6,31.8,17.0,17.6,31.6,15.0,1.0,6.7,4.0,1.33,15.1
133,Alexander Nübel,de GER,PO,Schalke 04,de Bundesliga,20,1996,0.5,0.0,0.0,0.0,0.0,0.0,0.3,0.14,0.3,0.55,5.0,13.0,38.5,13.0,3.0,46.2,39.2,9.0,77.8,52.4,7.0,0.0,0.0,1.0,2.0,30.0
134,Jan Oblak,si SVN,PO,Atlético Madrid,es La Liga,24,1993,37.0,22.0,1.0,1.0,2.0,1.0,32.7,0.23,11.7,0.32,191.0,566.0,33.7,632.0,108.0,55.1,42.4,275.0,79.3,53.8,534.0,25.0,4.7,13.0,0.35,11.9
135,Oier Olazábal,es ESP,PO,Levante,es La Liga,27,1989,26.0,39.0,5.0,0.0,4.0,3.0,38.0,0.28,2.0,0.08,168.0,481.0,34.9,501.0,78.0,59.9,44.1,225.0,80.4,54.2,402.0,22.0,5.5,23.0,0.88,14.7
136,David Ospina,co COL,PO,Arsenal,eng Premier League,28,1988,4.2,3.0,0.0,0.0,0.0,0.0,2.5,0.21,-0.5,-0.12,15.0,46.0,32.6,116.0,27.0,22.4,29.3,28.0,71.4,47.5,82.0,6.0,7.3,7.0,1.65,13.1
137,Alexandre Oukidja,dz ALG,PO,Strasbourg,fr Ligue 1,29,1988,16.2,29.0,4.0,0.0,1.0,0.0,27.7,0.33,-1.3,-0.08,140.0,341.0,41.1,358.0,58.0,62.3,43.5,130.0,90.8,60.2,232.0,12.0,5.2,12.0,0.74,13.1
138,Ramazan Özcan,at AUT,PO,Leverkusen,de Bundesliga,33,1984,1.0,4.0,0.0,0.0,0.0,0.0,4.1,0.39,0.1,0.09,3.0,10.0,30.0,33.0,6.0,30.3,31.0,6.0,0.0,27.0,14.0,0.0,0.0,1.0,1.0,17.0
139,Fernando Pacheco,es ESP,PO,Alavés,es La Liga,25,1992,37.3,50.0,7.0,2.0,7.0,2.0,49.2,0.25,1.2,0.03,325.0,773.0,42.0,698.0,101.0,65.3,43.4,355.0,89.3,56.5,646.0,17.0,2.6,19.0,0.51,12.5
140,Costel Pantilimon,ro ROU,PO,La Coruña,es La Liga,30,1987,6.0,9.0,1.0,1.0,0.0,1.0,8.3,0.29,0.3,0.05,45.0,101.0,44.6,117.0,25.0,56.4,39.4,49.0,71.4,51.6,77.0,4.0,5.2,0.0,0.0,11.0
141,Jiří Pavlenka,cz CZE,PO,Werder Bremen,de Bundesliga,25,1992,34.0,40.0,2.0,0.0,6.0,2.0,42.0,0.25,4.0,0.12,234.0,576.0,40.6,915.0,185.0,44.7,38.6,256.0,65.2,49.6,482.0,27.0,5.6,17.0,0.5,10.7
142,Gianluca Pegolo,it ITA,PO,Sassuolo,it Serie A,36,1981,1.2,1.0,0.0,0.0,0.0,1.0,1.3,0.21,1.3,1.1,3.0,23.0,13.0,27.0,7.0,51.9,39.3,12.0,75.0,45.9,19.0,0.0,0.0,0.0,0.0,5.0
143,Yohann Pelé,fr FRA,PO,Marseille,fr Ligue 1,34,1982,8.2,10.0,1.0,0.0,0.0,1.0,8.0,0.26,-1.0,-0.12,33.0,83.0,39.8,174.0,41.0,30.5,31.8,61.0,49.2,41.4,96.0,7.0,7.3,10.0,1.22,15.8
144,Mattia Perin,it ITA,PO,Genoa,it Serie A,24,1992,37.0,42.0,4.0,1.0,2.0,2.0,42.2,0.23,2.2,0.06,330.0,769.0,42.9,919.0,125.0,51.9,40.8,347.0,84.1,56.0,541.0,24.0,4.4,25.0,0.68,13.1
145,Jordan Pickford,eng ENG,PO,Everton,eng Premier League,23,1994,38.0,58.0,3.0,0.0,6.0,0.0,56.1,0.3,-1.9,-0.05,322.0,945.0,34.1,984.0,162.0,64.0,47.8,340.0,92.6,67.2,591.0,27.0,4.6,51.0,1.34,14.9
146,Carlo Pinsoglio,it ITA,PO,Juventus,it Serie A,27,1990,0.3,1.0,0.0,0.0,0.0,0.0,0.7,0.36,-0.3,-0.87,0.0,0.0,,5.0,3.0,0.0,27.0,0.0,,,7.0,1.0,14.3,0.0,0.0,7.0
147,Julian Pollersbeck,de GER,PO,Hamburger SV,de Bundesliga,22,1994,10.0,15.0,0.0,1.0,1.0,0.0,15.5,0.34,0.5,0.05,51.0,168.0,30.4,480.0,49.0,29.6,32.7,65.0,40.0,40.8,114.0,16.0,14.0,15.0,1.5,15.2
148,Nick Pope,eng ENG,PO,Burnley,eng Premier League,25,1992,34.6,35.0,3.0,0.0,3.0,1.0,42.5,0.27,8.5,0.25,351.0,997.0,35.2,920.0,118.0,77.8,52.1,297.0,94.6,66.7,600.0,57.0,9.5,38.0,1.1,12.5
149,Nicolas de Préville,fr FRA,"DL,CC",Lille,fr Ligue 1,26,1991,3.2,1.0,0.0,0.0,1.0,0.0,1.4,0.69,0.4,0.12,0.0,2.0,0.0,4.0,0.0,0.0,22.3,2.0,100.0,64.5,4.0,0.0,0.0,1.0,3.33,37.0
150,Andrés Prieto,es ESP,PO,Málaga,es La Liga,23,1993,4.0,10.0,2.0,0.0,0.0,0.0,10.3,0.44,0.3,0.08,30.0,89.0,33.7,76.0,3.0,73.7,48.6,33.0,100.0,64.0,57.0,1.0,1.8,0.0,0.0,11.1
151,Jérôme Prior,fr FRA,PO,Bordeaux,fr Ligue 1,21,1995,2.0,3.0,0.0,0.0,0.0,0.0,2.9,0.32,-0.1,-0.05,9.0,22.0,40.9,25.0,4.0,52.0,37.6,12.0,75.0,48.1,21.0,0.0,0.0,1.0,0.5,12.4
152,Christian Puggioni,it ITA,PO,Benevento,it Serie A,36,1981,13.1,26.0,5.0,0.0,3.0,0.0,24.8,0.31,-1.2,-0.09,84.0,194.0,43.3,359.0,88.0,32.6,32.9,120.0,64.2,44.0,206.0,18.0,8.7,15.0,1.15,14.1
153,Christian Puggioni,it ITA,PO,Sampdoria,it Serie A,36,1981,9.0,12.0,3.0,0.0,1.0,0.0,16.4,0.27,4.4,0.49,52.0,128.0,40.6,234.0,58.0,38.9,34.4,78.0,47.4,41.3,148.0,10.0,6.8,21.0,2.33,16.6
154,Rafael,br BRA,PO,Cagliari,it Serie A,35,1982,8.8,11.0,1.0,0.0,3.0,0.0,12.1,0.29,1.1,0.13,64.0,157.0,40.8,158.0,25.0,53.8,40.1,91.0,79.1,49.1,153.0,4.0,2.6,3.0,0.34,9.5
155,Toño Ramírez,es ESP,PO,Real Sociedad,es La Liga,30,1986,3.5,6.0,0.0,0.0,1.0,0.0,4.8,0.44,-1.2,-0.35,15.0,51.0,29.4,106.0,11.0,29.2,31.0,25.0,80.0,53.0,42.0,1.0,2.4,0.0,0.0,7.8
156,Pepe Reina,es ESP,PO,Napoli,it Serie A,34,1982,37.0,29.0,2.0,2.0,3.0,0.0,26.3,0.25,-2.7,-0.07,147.0,333.0,44.1,950.0,177.0,26.0,30.0,235.0,36.6,36.5,353.0,8.0,2.3,57.0,1.54,18.8
157,Baptiste Reynet,fr FRA,PO,Dijon,fr Ligue 1,26,1990,38.0,73.0,11.0,2.0,6.0,3.0,67.2,0.27,-2.8,-0.07,313.0,727.0,43.1,1322.0,227.0,41.4,36.2,323.0,55.7,44.8,643.0,48.0,7.5,83.0,2.18,16.8
158,Sergio Rico,es ESP,PO,Sevilla,es La Liga,23,1993,24.0,39.0,3.0,1.0,5.0,0.0,34.3,0.34,-4.7,-0.2,96.0,305.0,31.5,475.0,118.0,37.3,33.6,192.0,66.7,49.9,349.0,18.0,5.2,13.0,0.54,12.0
159,Asier Riesgo,es ESP,PO,Eibar,es La Liga,33,1983,1.0,1.0,0.0,0.0,1.0,0.0,1.8,0.36,0.8,0.81,12.0,31.0,38.7,22.0,2.0,95.5,53.9,11.0,90.9,59.0,21.0,2.0,9.5,0.0,0.0,7.8
160,Roberto,es ESP,PO,Málaga,es La Liga,31,1986,34.0,51.0,4.0,1.0,3.0,0.0,56.3,0.35,5.3,0.16,278.0,733.0,37.9,717.0,88.0,66.4,46.6,279.0,92.1,60.6,480.0,28.0,5.8,20.0,0.59,11.8
161,Sergio Romero,ar ARG,PO,Manchester Utd,eng Premier League,30,1987,1.0,0.0,0.0,0.0,0.0,0.0,0.9,0.31,0.9,0.93,6.0,14.0,42.9,18.0,5.0,44.4,37.4,7.0,85.7,58.3,18.0,1.0,5.6,0.0,0.0,4.0
162,Francesco Rossi,it ITA,PO,Atalanta,it Serie A,26,1991,0.1,1.0,0.0,0.0,1.0,0.0,0.3,0.17,-0.7,-7.43,1.0,1.0,100.0,3.0,2.0,33.3,33.3,0.0,,,1.0,0.0,0.0,0.0,0.0,
163,Rubén,es ESP,PO,La Coruña,es La Liga,33,1984,27.5,58.0,2.0,3.0,9.0,2.0,47.3,0.34,-8.7,-0.32,167.0,421.0,39.7,474.0,106.0,52.5,39.7,234.0,73.5,53.8,443.0,23.0,5.2,12.0,0.44,11.3
164,Stéphane Ruffier,fr FRA,PO,Saint-Étienne,fr Ligue 1,30,1986,34.6,44.0,5.0,2.0,4.0,1.0,48.6,0.29,5.6,0.16,195.0,519.0,37.6,865.0,131.0,39.2,34.5,276.0,65.2,45.3,532.0,28.0,5.3,21.0,0.61,12.9
165,Gerónimo Rulli,ar ARG,PO,Real Sociedad,es La Liga,25,1992,26.0,45.0,4.0,2.0,5.0,1.0,38.9,0.33,-5.1,-0.19,143.0,361.0,39.6,959.0,114.0,29.2,31.9,151.0,53.6,43.4,301.0,18.0,6.0,34.0,1.31,15.4
166,Mathew Ryan,au AUS,PO,Brighton,eng Premier League,25,1992,38.0,54.0,1.0,1.0,15.0,5.0,48.8,0.28,-0.2,-0.01,345.0,875.0,39.4,823.0,122.0,66.5,44.5,352.0,93.2,57.9,623.0,38.0,6.1,17.0,0.45,10.2
167,Mamadou Samassa,ml MLI,PO,Troyes,fr Ligue 1,27,1990,21.0,31.0,2.0,0.0,3.0,1.0,28.9,0.26,-1.1,-0.05,130.0,414.0,31.4,475.0,99.0,51.4,41.3,184.0,92.4,59.6,365.0,21.0,5.8,21.0,1.0,13.8
168,Brice Samba,fr FRA,PO,Caen,fr Ligue 1,23,1994,3.5,4.0,1.0,0.0,0.0,0.0,6.6,0.3,2.6,0.74,32.0,65.0,49.2,74.0,14.0,55.4,41.5,29.0,82.8,56.4,37.0,3.0,8.1,6.0,1.71,14.5
169,Antonio Santurro,do DOM,PO,Bologna,it Serie A,25,1992,1.0,1.0,0.0,0.0,0.0,0.0,1.1,0.22,0.1,0.08,15.0,37.0,40.5,31.0,4.0,71.0,47.5,15.0,100.0,57.1,25.0,2.0,8.0,1.0,1.0,11.5
170,Kasper Schmeichel,dk DEN,PO,Leicester City,eng Premier League,30,1986,32.9,47.0,1.0,3.0,11.0,1.0,39.5,0.27,-6.5,-0.2,304.0,792.0,38.4,866.0,107.0,61.7,43.8,273.0,94.5,63.9,500.0,28.0,5.6,54.0,1.64,16.3
171,Alexander Schwolow,de GER,PO,Freiburg,de Bundesliga,25,1992,32.3,53.0,4.0,1.0,7.0,4.0,41.4,0.25,-7.6,-0.24,313.0,779.0,40.2,1041.0,123.0,49.1,40.8,307.0,87.3,63.1,529.0,28.0,5.3,22.0,0.68,14.2
172,Simone Scuffet,it ITA,PO,Udinese,it Serie A,21,1996,6.0,11.0,0.0,0.0,2.0,1.0,8.5,0.28,-1.5,-0.26,28.0,93.0,30.1,115.0,23.0,51.3,38.6,42.0,81.0,51.3,80.0,1.0,1.3,2.0,0.33,11.1
173,Luigi Sepe,it ITA,PO,Napoli,it Serie A,26,1991,1.0,0.0,0.0,0.0,0.0,0.0,0.6,0.65,0.6,0.65,2.0,4.0,50.0,14.0,2.0,14.3,25.4,5.0,40.0,37.0,7.0,2.0,28.6,0.0,0.0,13.8
174,Marco Silvestri,it ITA,PO,Hellas Verona,it Serie A,26,1991,2.0,7.0,0.0,0.0,1.0,0.0,4.7,0.19,-2.3,-1.13,11.0,25.0,44.0,30.0,10.0,26.7,30.2,24.0,70.8,49.0,33.0,0.0,0.0,0.0,0.0,11.0
175,Tobias Sippel,de GER,PO,M'Gladbach,de Bundesliga,29,1988,4.8,10.0,0.0,0.0,0.0,0.0,10.2,0.45,0.2,0.05,31.0,88.0,35.2,153.0,15.0,41.2,37.1,34.0,73.5,53.3,63.0,3.0,4.8,5.0,1.04,14.8
176,Salvatore Sirigu,it ITA,PO,Torino,it Serie A,30,1987,37.0,45.0,5.0,3.0,5.0,0.0,47.0,0.25,2.0,0.05,237.0,541.0,43.8,987.0,198.0,35.6,34.1,319.0,59.6,44.3,621.0,32.0,5.2,49.0,1.32,13.8
177,Antonio Sivera,es ESP,PO,Alavés,es La Liga,20,1996,0.7,,,,,,0.2,0.17,,,5.0,13.0,38.5,10.0,2.0,80.0,48.6,5.0,100.0,66.4,11.0,,,,,9.0
178,Łukasz Skorupski,pl POL,PO,Roma,it Serie A,26,1991,1.0,0.0,0.0,0.0,0.0,0.0,0.6,0.21,0.6,0.64,7.0,13.0,53.8,30.0,11.0,30.0,31.4,7.0,57.1,37.9,15.0,0.0,0.0,2.0,2.0,20.7
179,Yann Sommer,ch SUI,PO,M'Gladbach,de Bundesliga,28,1988,29.2,42.0,4.0,0.0,6.0,1.0,39.3,0.24,-1.7,-0.06,178.0,482.0,36.9,1009.0,143.0,33.7,33.3,246.0,57.7,44.7,524.0,42.0,8.0,22.0,0.75,11.6
180,David Soria,es ESP,PO,Sevilla,es La Liga,24,1993,14.0,19.0,2.0,0.0,1.0,1.0,17.4,0.29,-0.6,-0.04,69.0,150.0,46.0,279.0,70.0,31.5,32.4,98.0,63.3,47.4,199.0,12.0,6.0,13.0,0.93,13.0
181,Stefano Sorrentino,it ITA,PO,Chievo,it Serie A,38,1979,38.0,59.0,4.0,2.0,11.0,4.0,56.3,0.27,1.3,0.03,249.0,620.0,40.2,799.0,176.0,45.3,36.8,394.0,65.5,42.7,651.0,16.0,2.5,14.0,0.37,10.3
182,Julián Speroni,ar ARG,PO,Crystal Palace,eng Premier League,38,1979,11.0,14.0,1.0,0.0,4.0,0.0,13.3,0.29,-0.7,-0.07,86.0,239.0,36.0,223.0,18.0,69.1,45.2,89.0,95.5,56.9,177.0,6.0,3.4,10.0,0.91,13.7
183,Marco Sportiello,it ITA,PO,Fiorentina,it Serie A,25,1992,35.6,38.0,2.0,2.0,4.0,0.0,36.7,0.26,-1.3,-0.04,152.0,376.0,40.4,773.0,202.0,32.3,32.1,270.0,46.7,38.7,508.0,31.0,6.1,23.0,0.65,12.1
184,Tom Starke,de GER,PO,Bayern Munich,de Bundesliga,36,1981,2.0,0.0,0.0,0.0,0.0,0.0,0.7,0.17,0.7,0.34,4.0,18.0,22.2,48.0,9.0,27.1,31.9,9.0,55.6,42.7,18.0,1.0,5.6,1.0,0.5,20.3
185,Thomas Strakosha,al ALB,PO,Lazio,it Serie A,22,1995,38.0,49.0,9.0,2.0,3.0,2.0,51.3,0.27,4.3,0.11,217.0,466.0,46.6,884.0,180.0,38.6,34.2,307.0,40.7,38.8,437.0,18.0,4.1,35.0,0.92,14.8
186,Danijel Subašić,hr CRO,PO,Monaco,fr Ligue 1,32,1984,32.7,41.0,4.0,1.0,3.0,1.0,38.9,0.29,-1.1,-0.03,165.0,431.0,38.3,655.0,154.0,44.6,37.3,265.0,52.5,44.2,481.0,32.0,6.7,21.0,0.64,13.0
187,Seydou Sy,sn SEN,PO,Monaco,fr Ligue 1,21,1995,2.8,4.0,1.0,0.0,1.0,0.0,5.3,0.3,1.3,0.45,20.0,47.0,42.6,56.0,13.0,32.1,33.3,36.0,80.6,52.7,58.0,3.0,5.2,3.0,1.05,10.6
188,Wojciech Szczęsny,pl POL,PO,Juventus,it Serie A,27,1990,17.0,9.0,0.0,1.0,2.0,0.0,11.5,0.36,2.5,0.15,84.0,165.0,50.9,361.0,84.0,29.4,32.8,96.0,61.5,43.7,196.0,11.0,5.6,13.0,0.76,14.3
189,Ciprian Tătărușanu,ro ROU,PO,Nantes,fr Ligue 1,31,1986,37.0,38.0,2.0,0.0,8.0,1.0,33.1,0.24,-3.9,-0.1,230.0,608.0,37.8,753.0,172.0,44.0,37.2,333.0,83.2,56.8,633.0,41.0,6.5,22.0,0.59,11.5
190,Marc-André ter Stegen,de GER,PO,Barcelona,es La Liga,25,1992,37.0,28.0,2.0,0.0,1.0,0.0,36.3,0.27,8.3,0.22,129.0,304.0,42.4,1040.0,192.0,17.5,27.5,262.0,46.6,41.7,404.0,15.0,3.7,41.0,1.11,15.1
191,Kevin Trapp,de GER,PO,Paris S-G,fr Ligue 1,27,1990,4.0,4.0,2.0,0.0,0.0,0.0,4.9,0.17,0.9,0.23,4.0,8.0,50.0,71.0,20.0,11.3,22.3,21.0,0.0,23.5,66.0,4.0,6.1,5.0,1.25,15.8
192,Philipp Tschauner,de GER,PO,Hannover 96,de Bundesliga,31,1985,31.0,45.0,2.0,1.0,11.0,0.0,42.1,0.26,-2.9,-0.09,230.0,518.0,44.4,875.0,161.0,43.0,35.1,275.0,51.6,40.5,508.0,24.0,4.7,20.0,0.65,12.4
193,Przemysław Tytoń,pl POL,PO,La Coruña,es La Liga,30,1987,1.1,4.0,0.0,0.0,2.0,0.0,2.7,0.53,-1.3,-1.23,3.0,14.0,21.4,18.0,2.0,50.0,38.6,10.0,50.0,45.7,17.0,1.0,5.9,0.0,0.0,3.0
194,Sven Ulreich,de GER,PO,Bayern Munich,de Bundesliga,28,1988,29.0,26.0,1.0,1.0,2.0,3.0,25.3,0.26,2.3,0.08,137.0,328.0,41.8,795.0,141.0,33.1,32.5,153.0,42.5,39.8,247.0,15.0,6.1,37.0,1.28,15.4
195,Francis Uzoho,ng NGA,PO,La Coruña,es La Liga,18,1998,2.0,2.0,1.0,0.0,0.0,0.0,2.9,0.21,0.9,0.44,10.0,37.0,27.0,30.0,6.0,70.0,46.0,18.0,88.9,55.3,36.0,2.0,5.6,1.0,0.5,12.0
196,Koke Vegas,es ESP,PO,Levante,es La Liga,21,1995,1.0,4.0,0.0,0.0,1.0,0.0,3.7,0.46,-0.3,-0.34,4.0,16.0,25.0,19.0,2.0,47.4,40.5,10.0,70.0,43.9,14.0,0.0,0.0,2.0,2.0,13.5
197,Rémy Vercoutre,fr FRA,PO,Caen,fr Ligue 1,37,1980,34.5,48.0,4.0,0.0,5.0,4.0,40.2,0.28,-3.8,-0.11,343.0,757.0,45.3,802.0,99.0,65.1,45.0,260.0,90.4,57.2,478.0,14.0,2.9,14.0,0.41,12.7
198,Emiliano Viviano,it ITA,PO,Sampdoria,it Serie A,31,1985,27.0,43.0,2.0,1.0,5.0,2.0,40.8,0.28,-0.2,-0.01,179.0,437.0,41.0,632.0,80.0,46.0,38.8,226.0,64.6,49.5,429.0,13.0,3.0,19.0,0.7,13.1
199,Michel Vorm,nl NED,PO,Tottenham,eng Premier League,33,1983,1.0,1.0,0.0,0.0,0.0,1.0,0.5,0.13,0.5,0.53,2.0,4.0,50.0,17.0,2.0,5.9,26.5,9.0,33.3,32.4,14.0,0.0,0.0,2.0,2.0,17.0
200,Roman Weidenfeller,de GER,PO,Dortmund,de Bundesliga,36,1980,1.0,4.0,0.0,0.0,1.0,0.0,1.5,0.22,-2.5,-2.43,3.0,25.0,12.0,33.0,0.0,54.5,38.1,8.0,87.5,56.4,15.0,1.0,6.7,1.0,0.99,12.8
201,Axel Werner,ar ARG,PO,Atlético Madrid,es La Liga,21,1996,1.0,0.0,0.0,0.0,0.0,0.0,0.5,0.17,0.5,0.5,3.0,15.0,20.0,10.0,1.0,80.0,51.2,7.0,100.0,56.4,16.0,1.0,6.3,1.0,1.0,13.5
202,Yoel,es ESP,PO,Eibar,es La Liga,28,1988,1.0,0.0,0.0,0.0,0.0,0.0,1.3,0.27,1.3,1.33,13.0,38.0,34.2,28.0,1.0,92.9,52.4,12.0,100.0,68.0,19.0,0.0,0.0,3.0,3.0,21.4
203,Erwin Zelazny,fr FRA,PO,Troyes,fr Ligue 1,25,1991,17.0,28.0,2.0,0.0,3.0,0.0,25.9,0.27,-2.1,-0.13,145.0,413.0,35.1,481.0,74.0,53.8,40.7,173.0,89.0,58.3,285.0,10.0,3.5,9.0,0.53,10.5
204,Robin Zentner,de GER,PO,Mainz 05,de Bundesliga,22,1994,15.0,27.0,4.0,1.0,3.0,1.0,21.3,0.26,-4.7,-0.31,100.0,279.0,35.8,386.0,75.0,47.9,38.7,126.0,74.6,54.8,211.0,11.0,5.2,19.0,1.27,14.3
205,Luca Zidane,fr FRA,PO,Real Madrid,es La Liga,19,1998,1.0,2.0,0.0,0.0,0.0,0.0,1.8,0.45,-0.2,-0.18,0.0,2.0,0.0,24.0,6.0,4.2,24.8,8.0,12.5,27.9,7.0,2.0,28.6,0.0,0.0,10.5
206,Ron-Robert Zieler,de GER,PO,Stuttgart,de Bundesliga,28,1989,34.0,36.0,4.0,2.0,2.0,0.0,40.7,0.24,4.7,0.14,296.0,834.0,35.5,1029.0,123.0,57.2,42.8,300.0,81.7,59.0,547.0,34.0,6.2,37.0,1.09,13.6
